Bolge,Sehir,Sene,Nufus
Akdeniz,Adana,2000,1879695
Akdeniz,Adana,2001,1899324
Akdeniz,Adana,2002,1916637
Akdeniz,Adana,2003,1933428
Akdeniz,Adana,2004,1951142
Akdeniz,Adana,2005,1969512
Akdeniz,Adana,2006,1988277
Akdeniz,Adana,2007,2006650
Akdeniz,Adana,2008,2026319
Akdeniz,Adana,2009,2062226
Akdeniz,Adana,2010,2085225
Akdeniz,Adana,2011,2108805
Akdeniz,Adana,2012,2125635
Akdeniz,Adana,2013,2149260
Akdeniz,Adana,2014,2165595
Akdeniz,Adana,2015,2183167
Akdeniz,Adana,2016,2201670
Akdeniz,Adana,2017,2216475
Akdeniz,Adana,2018,2220125
Güney Doğu Anadolu,Adıyaman,2000,568432
Güney Doğu Anadolu,Adıyaman,2001,571180
Güney Doğu Anadolu,Adıyaman,2002,573149
Güney Doğu Anadolu,Adıyaman,2003,574886
Güney Doğu Anadolu,Adıyaman,2004,576808
Güney Doğu Anadolu,Adıyaman,2005,578852
Güney Doğu Anadolu,Adıyaman,2006,580926
Güney Doğu Anadolu,Adıyaman,2007,582762
Güney Doğu Anadolu,Adıyaman,2008,585067
Güney Doğu Anadolu,Adıyaman,2009,588475
Güney Doğu Anadolu,Adıyaman,2010,590935
Güney Doğu Anadolu,Adıyaman,2011,593931
Güney Doğu Anadolu,Adıyaman,2012,595261
Güney Doğu Anadolu,Adıyaman,2013,597184
Güney Doğu Anadolu,Adıyaman,2014,597835
Güney Doğu Anadolu,Adıyaman,2015,602774
Güney Doğu Anadolu,Adıyaman,2016,610484
Güney Doğu Anadolu,Adıyaman,2017,615076
Güney Doğu Anadolu,Adıyaman,2018,624513
Ege,Afyonkarahisar,2000,696292
Ege,Afyonkarahisar,2001,698029
Ege,Afyonkarahisar,2002,698773
Ege,Afyonkarahisar,2003,699193
Ege,Afyonkarahisar,2004,699794
Ege,Afyonkarahisar,2005,700502
Ege,Afyonkarahisar,2006,701204
Ege,Afyonkarahisar,2007,701572
Ege,Afyonkarahisar,2008,697365
Ege,Afyonkarahisar,2009,701326
Ege,Afyonkarahisar,2010,697559
Ege,Afyonkarahisar,2011,698626
Ege,Afyonkarahisar,2012,703948
Ege,Afyonkarahisar,2013,707123
Ege,Afyonkarahisar,2014,706371
Ege,Afyonkarahisar,2015,709015
Ege,Afyonkarahisar,2016,714523
Ege,Afyonkarahisar,2017,715693
Ege,Afyonkarahisar,2018,725568
Doğu Anadolu,Ağrı,2000,519190
Doğu Anadolu,Ağrı,2001,521514
Doğu Anadolu,Ağrı,2002,523123
Doğu Anadolu,Ağrı,2003,524514
Doğu Anadolu,Ağrı,2004,526070
Doğu Anadolu,Ağrı,2005,527732
Doğu Anadolu,Ağrı,2006,529417
Doğu Anadolu,Ağrı,2007,530879
Doğu Anadolu,Ağrı,2008,532180
Doğu Anadolu,Ağrı,2009,537665
Doğu Anadolu,Ağrı,2010,542022
Doğu Anadolu,Ağrı,2011,555479
Doğu Anadolu,Ağrı,2012,552404
Doğu Anadolu,Ağrı,2013,551177
Doğu Anadolu,Ağrı,2014,549435
Doğu Anadolu,Ağrı,2015,547210
Doğu Anadolu,Ağrı,2016,542255
Doğu Anadolu,Ağrı,2017,536285
Doğu Anadolu,Ağrı,2018,539657
İç Anadolu,Aksaray,2000,351474
İç Anadolu,Aksaray,2001,353939
İç Anadolu,Aksaray,2002,355942
İç Anadolu,Aksaray,2003,357819
İç Anadolu,Aksaray,2004,359834
İç Anadolu,Aksaray,2005,361941
İç Anadolu,Aksaray,2006,364089
İç Anadolu,Aksaray,2007,366109
İç Anadolu,Aksaray,2008,370598
İç Anadolu,Aksaray,2009,376907
İç Anadolu,Aksaray,2010,377505
İç Anadolu,Aksaray,2011,378823
İç Anadolu,Aksaray,2012,379915
İç Anadolu,Aksaray,2013,382806
İç Anadolu,Aksaray,2014,384252
İç Anadolu,Aksaray,2015,386514
İç Anadolu,Aksaray,2016,396673
İç Anadolu,Aksaray,2017,402404
İç Anadolu,Aksaray,2018,412172
Karadeniz,Amasya,2000,333927
Karadeniz,Amasya,2001,333768
Karadeniz,Amasya,2002,333110
Karadeniz,Amasya,2003,332271
Karadeniz,Amasya,2004,331491
Karadeniz,Amasya,2005,330739
Karadeniz,Amasya,2006,329956
Karadeniz,Amasya,2007,328674
Karadeniz,Amasya,2008,323675
Karadeniz,Amasya,2009,324268
Karadeniz,Amasya,2010,334786
Karadeniz,Amasya,2011,323079
Karadeniz,Amasya,2012,322283
Karadeniz,Amasya,2013,321977
Karadeniz,Amasya,2014,321913
Karadeniz,Amasya,2015,322167
Karadeniz,Amasya,2016,326351
Karadeniz,Amasya,2017,329888
Karadeniz,Amasya,2018,337508
İç Anadolu,Ankara,2000,3889199
İç Anadolu,Ankara,2001,3971642
İç Anadolu,Ankara,2002,4050309
İç Anadolu,Ankara,2003,4128889
İç Anadolu,Ankara,2004,4210596
İç Anadolu,Ankara,2005,4294678
İç Anadolu,Ankara,2006,4380736
İç Anadolu,Ankara,2007,4466756
İç Anadolu,Ankara,2008,4548939
İç Anadolu,Ankara,2009,4650802
İç Anadolu,Ankara,2010,4771716
İç Anadolu,Ankara,2011,4890893
İç Anadolu,Ankara,2012,4965542
İç Anadolu,Ankara,2013,5045083
İç Anadolu,Ankara,2014,5150072
İç Anadolu,Ankara,2015,5270575
İç Anadolu,Ankara,2016,5346518
İç Anadolu,Ankara,2017,5445026
İç Anadolu,Ankara,2018,5503985
Akdeniz,Antalya,2000,1430539
Akdeniz,Antalya,2001,1480282
Akdeniz,Antalya,2002,1529110
Akdeniz,Antalya,2003,1578367
Akdeniz,Antalya,2004,1629338
Akdeniz,Antalya,2005,1681656
Akdeniz,Antalya,2006,1735239
Akdeniz,Antalya,2007,1789295
Akdeniz,Antalya,2008,1859275
Akdeniz,Antalya,2009,1919729
Akdeniz,Antalya,2010,1978333
Akdeniz,Antalya,2011,2043482
Akdeniz,Antalya,2012,2092537
Akdeniz,Antalya,2013,2158265
Akdeniz,Antalya,2014,2222562
Akdeniz,Antalya,2015,2288456
Akdeniz,Antalya,2016,2328555
Akdeniz,Antalya,2017,2364396
Akdeniz,Antalya,2018,2426356
Karadeniz,Artvin,2000,167909
Karadeniz,Artvin,2001,168184
Karadeniz,Artvin,2002,168215
Karadeniz,Artvin,2003,168164
Karadeniz,Artvin,2004,168153
Karadeniz,Artvin,2005,168164
Karadeniz,Artvin,2006,168170
Karadeniz,Artvin,2007,168092
Karadeniz,Artvin,2008,166584
Karadeniz,Artvin,2009,165580
Karadeniz,Artvin,2010,164759
Karadeniz,Artvin,2011,166394
Karadeniz,Artvin,2012,167082
Karadeniz,Artvin,2013,169334
Karadeniz,Artvin,2014,169674
Karadeniz,Artvin,2015,168370
Karadeniz,Artvin,2016,168068
Karadeniz,Artvin,2017,166143
Karadeniz,Artvin,2018,174010
Doğu Anadolu,Ardahan,2000,122409
Doğu Anadolu,Ardahan,2001,121305
Doğu Anadolu,Ardahan,2002,119993
Doğu Anadolu,Ardahan,2003,118590
Doğu Anadolu,Ardahan,2004,117178
Doğu Anadolu,Ardahan,2005,115750
Doğu Anadolu,Ardahan,2006,114283
Doğu Anadolu,Ardahan,2007,112721
Doğu Anadolu,Ardahan,2008,112242
Doğu Anadolu,Ardahan,2009,108169
Doğu Anadolu,Ardahan,2010,105454
Doğu Anadolu,Ardahan,2011,107455
Doğu Anadolu,Ardahan,2012,106643
Doğu Anadolu,Ardahan,2013,102782
Doğu Anadolu,Ardahan,2014,100809
Doğu Anadolu,Ardahan,2015,99265
Doğu Anadolu,Ardahan,2016,98335
Doğu Anadolu,Ardahan,2017,97096
Doğu Anadolu,Ardahan,2018,98907
Ege,Aydın,2000,870460
Ege,Aydın,2001,881911
Ege,Aydın,2002,892345
Ege,Aydın,2003,902594
Ege,Aydın,2004,913340
Ege,Aydın,2005,924446
Ege,Aydın,2006,935800
Ege,Aydın,2007,946971
Ege,Aydın,2008,965500
Ege,Aydın,2009,979155
Ege,Aydın,2010,989862
Ege,Aydın,2011,999163
Ege,Aydın,2012,1006541
Ege,Aydın,2013,1020957
Ege,Aydın,2014,1041979
Ege,Aydın,2015,1053506
Ege,Aydın,2016,1068260
Ege,Aydın,2017,1080839
Ege,Aydın,2018,1097746
Marmara,Balıkesir,2000,1069260
Marmara,Balıkesir,2001,1077362
Marmara,Balıkesir,2002,1084072
Marmara,Balıkesir,2003,1090411
Marmara,Balıkesir,2004,1097187
Marmara,Balıkesir,2005,1104261
Marmara,Balıkesir,2006,1111475
Marmara,Balıkesir,2007,1118313
Marmara,Balıkesir,2008,1130276
Marmara,Balıkesir,2009,1140085
Marmara,Balıkesir,2010,1152323
Marmara,Balıkesir,2011,1154314
Marmara,Balıkesir,2012,1160731
Marmara,Balıkesir,2013,1162761
Marmara,Balıkesir,2014,1189057
Marmara,Balıkesir,2015,1186688
Marmara,Balıkesir,2016,1196176
Marmara,Balıkesir,2017,1204824
Marmara,Balıkesir,2018,1226575
Marmara,Bilecik,2000,197625
Marmara,Bilecik,2001,198736
Marmara,Bilecik,2002,199580
Marmara,Bilecik,2003,200346
Marmara,Bilecik,2004,201182
Marmara,Bilecik,2005,202063
Marmara,Bilecik,2006,202960
Marmara,Bilecik,2007,203777
Marmara,Bilecik,2008,193169
Marmara,Bilecik,2009,202061
Marmara,Bilecik,2010,225381
Marmara,Bilecik,2011,203849
Marmara,Bilecik,2012,204116
Marmara,Bilecik,2013,208888
Marmara,Bilecik,2014,209925
Marmara,Bilecik,2015,212361
Marmara,Bilecik,2016,218297
Marmara,Bilecik,2017,221693
Marmara,Bilecik,2018,223448
Doğu Anadolu,Bingöl,2000,240337
Doğu Anadolu,Bingöl,2001,242183
Doğu Anadolu,Bingöl,2002,243717
Doğu Anadolu,Bingöl,2003,245168
Doğu Anadolu,Bingöl,2004,246718
Doğu Anadolu,Bingöl,2005,248336
Doğu Anadolu,Bingöl,2006,249986
Doğu Anadolu,Bingöl,2007,251552
Doğu Anadolu,Bingöl,2008,256091
Doğu Anadolu,Bingöl,2009,255745
Doğu Anadolu,Bingöl,2010,255170
Doğu Anadolu,Bingöl,2011,262263
Doğu Anadolu,Bingöl,2012,262507
Doğu Anadolu,Bingöl,2013,265514
Doğu Anadolu,Bingöl,2014,266019
Doğu Anadolu,Bingöl,2015,267184
Doğu Anadolu,Bingöl,2016,269560
Doğu Anadolu,Bingöl,2017,273354
Doğu Anadolu,Bingöl,2018,281205
Doğu Anadolu,Bitlis,2000,318886
Doğu Anadolu,Bitlis,2001,320555
Doğu Anadolu,Bitlis,2002,321791
Doğu Anadolu,Bitlis,2003,322898
Doğu Anadolu,Bitlis,2004,324114
Doğu Anadolu,Bitlis,2005,325401
Doğu Anadolu,Bitlis,2006,326709
Doğu Anadolu,Bitlis,2007,327886
Doğu Anadolu,Bitlis,2008,326897
Doğu Anadolu,Bitlis,2009,328489
Doğu Anadolu,Bitlis,2010,328767
Doğu Anadolu,Bitlis,2011,336624
Doğu Anadolu,Bitlis,2012,337253
Doğu Anadolu,Bitlis,2013,337156
Doğu Anadolu,Bitlis,2014,338023
Doğu Anadolu,Bitlis,2015,340449
Doğu Anadolu,Bitlis,2016,341225
Doğu Anadolu,Bitlis,2017,341474
Doğu Anadolu,Bitlis,2018,349396
Karadeniz,Bartın,2000,175982
Karadeniz,Bartın,2001,177060
Karadeniz,Bartın,2002,177903
Karadeniz,Bartın,2003,178678
Karadeniz,Bartın,2004,179519
Karadeniz,Bartın,2005,180401
Karadeniz,Bartın,2006,181300
Karadeniz,Bartın,2007,182131
Karadeniz,Bartın,2008,185368
Karadeniz,Bartın,2009,188449
Karadeniz,Bartın,2010,187758
Karadeniz,Bartın,2011,187291
Karadeniz,Bartın,2012,188436
Karadeniz,Bartın,2013,189139
Karadeniz,Bartın,2014,189405
Karadeniz,Bartın,2015,190708
Karadeniz,Bartın,2016,192389
Karadeniz,Bartın,2017,193577
Karadeniz,Bartın,2018,198999
Karadeniz,Bolu,2000,255576
Karadeniz,Bolu,2001,257926
Karadeniz,Bolu,2002,259953
Karadeniz,Bolu,2003,261902
Karadeniz,Bolu,2004,263967
Karadeniz,Bolu,2005,266114
Karadeniz,Bolu,2006,268305
Karadeniz,Bolu,2007,270417
Karadeniz,Bolu,2008,268882
Karadeniz,Bolu,2009,271545
Karadeniz,Bolu,2010,271208
Karadeniz,Bolu,2011,276506
Karadeniz,Bolu,2012,281080
Karadeniz,Bolu,2013,283496
Karadeniz,Bolu,2014,284789
Karadeniz,Bolu,2015,291095
Karadeniz,Bolu,2016,299896
Karadeniz,Bolu,2017,303184
Karadeniz,Bolu,2018,311810
Güney Doğu Anadolu,Batman,2000,408820
Güney Doğu Anadolu,Batman,2001,418186
Güney Doğu Anadolu,Batman,2002,427172
Güney Doğu Anadolu,Batman,2003,436165
Güney Doğu Anadolu,Batman,2004,445508
Güney Doğu Anadolu,Batman,2005,455118
Güney Doğu Anadolu,Batman,2006,464954
Güney Doğu Anadolu,Batman,2007,472487
Güney Doğu Anadolu,Batman,2008,485616
Güney Doğu Anadolu,Batman,2009,497998
Güney Doğu Anadolu,Batman,2010,510200
Güney Doğu Anadolu,Batman,2011,524499
Güney Doğu Anadolu,Batman,2012,534205
Güney Doğu Anadolu,Batman,2013,547581
Güney Doğu Anadolu,Batman,2014,557593
Güney Doğu Anadolu,Batman,2015,566633
Güney Doğu Anadolu,Batman,2016,576899
Güney Doğu Anadolu,Batman,2017,585252
Güney Doğu Anadolu,Batman,2018,599103
Akdeniz,Burdur,2000,246060
Akdeniz,Burdur,2001,247106
Akdeniz,Burdur,2002,247811
Akdeniz,Burdur,2003,248412
Akdeniz,Burdur,2004,249090
Akdeniz,Burdur,2005,249816
Akdeniz,Burdur,2006,250552
Akdeniz,Burdur,2007,251181
Akdeniz,Burdur,2008,247437
Akdeniz,Burdur,2009,251550
Akdeniz,Burdur,2010,258868
Akdeniz,Burdur,2011,250527
Akdeniz,Burdur,2012,254341
Akdeniz,Burdur,2013,257267
Akdeniz,Burdur,2014,256898
Akdeniz,Burdur,2015,258339
Akdeniz,Burdur,2016,261401
Akdeniz,Burdur,2017,264779
Akdeniz,Burdur,2018,269926
Karadeniz,Bayburt,2000,75221
Karadeniz,Bayburt,2001,75517
Karadeniz,Bayburt,2002,75709
Karadeniz,Bayburt,2003,75868
Karadeniz,Bayburt,2004,76050
Karadeniz,Bayburt,2005,76246
Karadeniz,Bayburt,2006,76444
Karadeniz,Bayburt,2007,76609
Karadeniz,Bayburt,2008,75675
Karadeniz,Bayburt,2009,74710
Karadeniz,Bayburt,2010,74412
Karadeniz,Bayburt,2011,76724
Karadeniz,Bayburt,2012,75797
Karadeniz,Bayburt,2013,75620
Karadeniz,Bayburt,2014,80607
Karadeniz,Bayburt,2015,78550
Karadeniz,Bayburt,2016,90154
Karadeniz,Bayburt,2017,80417
Karadeniz,Bayburt,2018,82274
Marmara,Bursa,2000,2150571
Marmara,Bursa,2001,2192169
Marmara,Bursa,2002,2231582
Marmara,Bursa,2003,2270852
Marmara,Bursa,2004,2311735
Marmara,Bursa,2005,2353834
Marmara,Bursa,2006,2396916
Marmara,Bursa,2007,2439876
Marmara,Bursa,2008,2507963
Marmara,Bursa,2009,2550645
Marmara,Bursa,2010,2605495
Marmara,Bursa,2011,2652126
Marmara,Bursa,2012,2688171
Marmara,Bursa,2013,2740970
Marmara,Bursa,2014,2787539
Marmara,Bursa,2015,2842547
Marmara,Bursa,2016,2901396
Marmara,Bursa,2017,2936803
Marmara,Bursa,2018,2994521
Marmara,Çanakkale,2000,449418
Marmara,Çanakkale,2001,453632
Marmara,Çanakkale,2002,457280
Marmara,Çanakkale,2003,460792
Marmara,Çanakkale,2004,464511
Marmara,Çanakkale,2005,468375
Marmara,Çanakkale,2006,472320
Marmara,Çanakkale,2007,476128
Marmara,Çanakkale,2008,474791
Marmara,Çanakkale,2009,477735
Marmara,Çanakkale,2010,490397
Marmara,Çanakkale,2011,486445
Marmara,Çanakkale,2012,493691
Marmara,Çanakkale,2013,502328
Marmara,Çanakkale,2014,511790
Marmara,Çanakkale,2015,513341
Marmara,Çanakkale,2016,519793
Marmara,Çanakkale,2017,530417
Marmara,Çanakkale,2018,540662
İç Anadolu,Çankırı,2000,169044
İç Anadolu,Çankırı,2001,169955
İç Anadolu,Çankırı,2002,170637
İç Anadolu,Çankırı,2003,171252
İç Anadolu,Çankırı,2004,171924
İç Anadolu,Çankırı,2005,172635
İç Anadolu,Çankırı,2006,173358
İç Anadolu,Çankırı,2007,174012
İç Anadolu,Çankırı,2008,176093
İç Anadolu,Çankırı,2009,185019
İç Anadolu,Çankırı,2010,179067
İç Anadolu,Çankırı,2011,177211
İç Anadolu,Çankırı,2012,184406
İç Anadolu,Çankırı,2013,190909
İç Anadolu,Çankırı,2014,183550
İç Anadolu,Çankırı,2015,180945
İç Anadolu,Çankırı,2016,183880
İç Anadolu,Çankırı,2017,186074
İç Anadolu,Çankırı,2018,216362
Karadeniz,Çorum,2000,567609
Karadeniz,Çorum,2001,566094
Karadeniz,Çorum,2002,563698
Karadeniz,Çorum,2003,560968
Karadeniz,Çorum,2004,558300
Karadeniz,Çorum,2005,555649
Karadeniz,Çorum,2006,552911
Karadeniz,Çorum,2007,549828
Karadeniz,Çorum,2008,545444
Karadeniz,Çorum,2009,540704
Karadeniz,Çorum,2010,535405
Karadeniz,Çorum,2011,534578
Karadeniz,Çorum,2012,529975
Karadeniz,Çorum,2013,532080
Karadeniz,Çorum,2014,527220
Karadeniz,Çorum,2015,525180
Karadeniz,Çorum,2016,527863
Karadeniz,Çorum,2017,528422
Karadeniz,Çorum,2018,536483
Ege,Denizli,2000,845493
Ege,Denizli,2001,854958
Ege,Denizli,2002,863396
Ege,Denizli,2003,871614
Ege,Denizli,2004,880267
Ege,Denizli,2005,889229
Ege,Denizli,2006,898387
Ege,Denizli,2007,907325
Ege,Denizli,2008,917836
Ege,Denizli,2009,926362
Ege,Denizli,2010,931823
Ege,Denizli,2011,942278
Ege,Denizli,2012,950557
Ege,Denizli,2013,963464
Ege,Denizli,2014,978700
Ege,Denizli,2015,993442
Ege,Denizli,2016,1005687
Ege,Denizli,2017,1018735
Ege,Denizli,2018,1027782
Güney Doğu Anadolu,Diyarbakır,2000,1317750
Güney Doğu Anadolu,Diyarbakır,2001,1338378
Güney Doğu Anadolu,Diyarbakır,2002,1357550
Güney Doğu Anadolu,Diyarbakır,2003,1376518
Güney Doğu Anadolu,Diyarbakır,2004,1396333
Güney Doğu Anadolu,Diyarbakır,2005,1416775
Güney Doğu Anadolu,Diyarbakır,2006,1437684
Güney Doğu Anadolu,Diyarbakır,2007,1460714
Güney Doğu Anadolu,Diyarbakır,2008,1492828
Güney Doğu Anadolu,Diyarbakır,2009,1515011
Güney Doğu Anadolu,Diyarbakır,2010,1528958
Güney Doğu Anadolu,Diyarbakır,2011,1570943
Güney Doğu Anadolu,Diyarbakır,2012,1592167
Güney Doğu Anadolu,Diyarbakır,2013,1607437
Güney Doğu Anadolu,Diyarbakır,2014,1635048
Güney Doğu Anadolu,Diyarbakır,2015,1654196
Güney Doğu Anadolu,Diyarbakır,2016,1673119
Güney Doğu Anadolu,Diyarbakır,2017,1699901
Güney Doğu Anadolu,Diyarbakır,2018,1732396
Marmara,Edirne,2000,392134
Marmara,Edirne,2001,393292
Marmara,Edirne,2002,393896
Marmara,Edirne,2003,394320
Marmara,Edirne,2004,394852
Marmara,Edirne,2005,395449
Marmara,Edirne,2006,396047
Marmara,Edirne,2007,396462
Marmara,Edirne,2008,394644
Marmara,Edirne,2009,395463
Marmara,Edirne,2010,390428
Marmara,Edirne,2011,399316
Marmara,Edirne,2012,399708
Marmara,Edirne,2013,398582
Marmara,Edirne,2014,400280
Marmara,Edirne,2015,402537
Marmara,Edirne,2016,401701
Marmara,Edirne,2017,406855
Marmara,Edirne,2018,411528
Doğu Anadolu,Elazığ,2000,517551
Doğu Anadolu,Elazığ,2001,521467
Doğu Anadolu,Elazığ,2002,524710
Doğu Anadolu,Elazığ,2003,527774
Doğu Anadolu,Elazığ,2004,531048
Doğu Anadolu,Elazığ,2005,534467
Doğu Anadolu,Elazığ,2006,537954
Doğu Anadolu,Elazığ,2007,541258
Doğu Anadolu,Elazığ,2008,547562
Doğu Anadolu,Elazığ,2009,550667
Doğu Anadolu,Elazığ,2010,552646
Doğu Anadolu,Elazığ,2011,558556
Doğu Anadolu,Elazığ,2012,562703
Doğu Anadolu,Elazığ,2013,568239
Doğu Anadolu,Elazığ,2014,568753
Doğu Anadolu,Elazığ,2015,574304
Doğu Anadolu,Elazığ,2016,578789
Doğu Anadolu,Elazığ,2017,583671
Doğu Anadolu,Elazığ,2018,595638
Doğu Anadolu,Erzincan,2000,206815
Doğu Anadolu,Erzincan,2001,208015
Doğu Anadolu,Erzincan,2002,208937
Doğu Anadolu,Erzincan,2003,209779
Doğu Anadolu,Erzincan,2004,210694
Doğu Anadolu,Erzincan,2005,211658
Doğu Anadolu,Erzincan,2006,212639
Doğu Anadolu,Erzincan,2007,213538
Doğu Anadolu,Erzincan,2008,210645
Doğu Anadolu,Erzincan,2009,213288
Doğu Anadolu,Erzincan,2010,224949
Doğu Anadolu,Erzincan,2011,215277
Doğu Anadolu,Erzincan,2012,217886
Doğu Anadolu,Erzincan,2013,219996
Doğu Anadolu,Erzincan,2014,223633
Doğu Anadolu,Erzincan,2015,222918
Doğu Anadolu,Erzincan,2016,226032
Doğu Anadolu,Erzincan,2017,231511
Doğu Anadolu,Erzincan,2018,236034
Karadeniz,Düzce,2000,296712
Karadeniz,Düzce,2001,300686
Karadeniz,Düzce,2002,304316
Karadeniz,Düzce,2003,307884
Karadeniz,Düzce,2004,311623
Karadeniz,Düzce,2005,315487
Karadeniz,Düzce,2006,319438
Karadeniz,Düzce,2007,323328
Karadeniz,Düzce,2008,328611
Karadeniz,Düzce,2009,335156
Karadeniz,Düzce,2010,338188
Karadeniz,Düzce,2011,342146
Karadeniz,Düzce,2012,346493
Karadeniz,Düzce,2013,351509
Karadeniz,Düzce,2014,355549
Karadeniz,Düzce,2015,360388
Karadeniz,Düzce,2016,370371
Karadeniz,Düzce,2017,377610
Karadeniz,Düzce,2018,387844
Doğu Anadolu,Erzurum,2000,801287
Doğu Anadolu,Erzurum,2001,800311
Doğu Anadolu,Erzurum,2002,798119
Doğu Anadolu,Erzurum,2003,795482
Doğu Anadolu,Erzurum,2004,792968
Doğu Anadolu,Erzurum,2005,790505
Doğu Anadolu,Erzurum,2006,787952
Doğu Anadolu,Erzurum,2007,784941
Doğu Anadolu,Erzurum,2008,774967
Doğu Anadolu,Erzurum,2009,774207
Doğu Anadolu,Erzurum,2010,769085
Doğu Anadolu,Erzurum,2011,780847
Doğu Anadolu,Erzurum,2012,778195
Doğu Anadolu,Erzurum,2013,766729
Doğu Anadolu,Erzurum,2014,763320
Doğu Anadolu,Erzurum,2015,762321
Doğu Anadolu,Erzurum,2016,762021
Doğu Anadolu,Erzurum,2017,760476
Doğu Anadolu,Erzurum,2018,767848
İç Anadolu,Eskişehir,2000,651672
İç Anadolu,Eskişehir,2001,662354
İç Anadolu,Eskişehir,2002,672328
İç Anadolu,Eskişehir,2003,682212
İç Anadolu,Eskişehir,2004,692529
İç Anadolu,Eskişehir,2005,703168
İç Anadolu,Eskişehir,2006,714051
İç Anadolu,Eskişehir,2007,724849
İç Anadolu,Eskişehir,2008,741739
İç Anadolu,Eskişehir,2009,755427
İç Anadolu,Eskişehir,2010,764584
İç Anadolu,Eskişehir,2011,781247
İç Anadolu,Eskişehir,2012,789750
İç Anadolu,Eskişehir,2013,799724
İç Anadolu,Eskişehir,2014,812320
İç Anadolu,Eskişehir,2015,826716
İç Anadolu,Eskişehir,2016,844842
İç Anadolu,Eskişehir,2017,860620
İç Anadolu,Eskişehir,2018,871187
Güney Doğu Anadolu,Gaziantep,2000,1292817
Güney Doğu Anadolu,Gaziantep,2001,1330205
Güney Doğu Anadolu,Gaziantep,2002,1366581
Güney Doğu Anadolu,Gaziantep,2003,1403165
Güney Doğu Anadolu,Gaziantep,2004,1441079
Güney Doğu Anadolu,Gaziantep,2005,1480026
Güney Doğu Anadolu,Gaziantep,2006,1519905
Güney Doğu Anadolu,Gaziantep,2007,1560023
Güney Doğu Anadolu,Gaziantep,2008,1612223
Güney Doğu Anadolu,Gaziantep,2009,1653670
Güney Doğu Anadolu,Gaziantep,2010,1700763
Güney Doğu Anadolu,Gaziantep,2011,1753596
Güney Doğu Anadolu,Gaziantep,2012,1799558
Güney Doğu Anadolu,Gaziantep,2013,1844438
Güney Doğu Anadolu,Gaziantep,2014,1889466
Güney Doğu Anadolu,Gaziantep,2015,1931836
Güney Doğu Anadolu,Gaziantep,2016,1974244
Güney Doğu Anadolu,Gaziantep,2017,2005515
Güney Doğu Anadolu,Gaziantep,2018,2028563
Karadeniz,Giresun,2000,410946
Karadeniz,Giresun,2001,412428
Karadeniz,Giresun,2002,413335
Karadeniz,Giresun,2003,414062
Karadeniz,Giresun,2004,414909
Karadeniz,Giresun,2005,415830
Karadeniz,Giresun,2006,416760
Karadeniz,Giresun,2007,417505
Karadeniz,Giresun,2008,421766
Karadeniz,Giresun,2009,421860
Karadeniz,Giresun,2010,419256
Karadeniz,Giresun,2011,419498
Karadeniz,Giresun,2012,419555
Karadeniz,Giresun,2013,425007
Karadeniz,Giresun,2014,429984
Karadeniz,Giresun,2015,426686
Karadeniz,Giresun,2016,444467
Karadeniz,Giresun,2017,437393
Karadeniz,Giresun,2018,453912
Karadeniz,Gümüşhane,2000,116008
Karadeniz,Gümüşhane,2001,118147
Karadeniz,Gümüşhane,2002,120166
Karadeniz,Gümüşhane,2003,122175
Karadeniz,Gümüşhane,2004,124267
Karadeniz,Gümüşhane,2005,126423
Karadeniz,Gümüşhane,2006,128628
Karadeniz,Gümüşhane,2007,130825
Karadeniz,Gümüşhane,2008,131367
Karadeniz,Gümüşhane,2009,130976
Karadeniz,Gümüşhane,2010,129618
Karadeniz,Gümüşhane,2011,132374
Karadeniz,Gümüşhane,2012,135216
Karadeniz,Gümüşhane,2013,141412
Karadeniz,Gümüşhane,2014,146353
Karadeniz,Gümüşhane,2015,151449
Karadeniz,Gümüşhane,2016,172034
Karadeniz,Gümüşhane,2017,170173
Karadeniz,Gümüşhane,2018,162748
Doğu Anadolu,Hakkari,2000,223264
Doğu Anadolu,Hakkari,2001,226676
Doğu Anadolu,Hakkari,2002,229839
Doğu Anadolu,Hakkari,2003,232966
Doğu Anadolu,Hakkari,2004,236234
Doğu Anadolu,Hakkari,2005,239606
Doğu Anadolu,Hakkari,2006,243055
Doğu Anadolu,Hakkari,2007,246469
Doğu Anadolu,Hakkari,2008,258590
Doğu Anadolu,Hakkari,2009,256761
Doğu Anadolu,Hakkari,2010,251302
Doğu Anadolu,Hakkari,2011,272165
Doğu Anadolu,Hakkari,2012,279982
Doğu Anadolu,Hakkari,2013,273041
Doğu Anadolu,Hakkari,2014,276287
Doğu Anadolu,Hakkari,2015,278775
Doğu Anadolu,Hakkari,2016,267813
Doğu Anadolu,Hakkari,2017,275761
Doğu Anadolu,Hakkari,2018,286470
Akdeniz,Hatay,2000,1280457
Akdeniz,Hatay,2001,1296401
Akdeniz,Hatay,2002,1310828
Akdeniz,Hatay,2003,1324961
Akdeniz,Hatay,2004,1339798
Akdeniz,Hatay,2005,1355144
Akdeniz,Hatay,2006,1370831
Akdeniz,Hatay,2007,1386224
Akdeniz,Hatay,2008,1413287
Akdeniz,Hatay,2009,1448418
Akdeniz,Hatay,2010,1480571
Akdeniz,Hatay,2011,1474223
Akdeniz,Hatay,2012,1483674
Akdeniz,Hatay,2013,1503066
Akdeniz,Hatay,2014,1519836
Akdeniz,Hatay,2015,1533507
Akdeniz,Hatay,2016,1555165
Akdeniz,Hatay,2017,1575226
Akdeniz,Hatay,2018,1609856
Akdeniz,Isparta,2000,418507
Akdeniz,Isparta,2001,419307
Akdeniz,Isparta,2002,419505
Akdeniz,Isparta,2003,419502
Akdeniz,Isparta,2004,419601
Akdeniz,Isparta,2005,419758
Akdeniz,Isparta,2006,419905
Akdeniz,Isparta,2007,419845
Akdeniz,Isparta,2008,407463
Akdeniz,Isparta,2009,420796
Akdeniz,Isparta,2010,448298
Akdeniz,Isparta,2011,411245
Akdeniz,Isparta,2012,416663
Akdeniz,Isparta,2013,417774
Akdeniz,Isparta,2014,418780
Akdeniz,Isparta,2015,421766
Akdeniz,Isparta,2016,427324
Akdeniz,Isparta,2017,433830
Akdeniz,Isparta,2018,441412
Akdeniz,Mersin,2000,1488755
Akdeniz,Mersin,2001,1505196
Akdeniz,Mersin,2002,1519824
Akdeniz,Mersin,2003,1534060
Akdeniz,Mersin,2004,1549054
Akdeniz,Mersin,2005,1564588
Akdeniz,Mersin,2006,1580460
Akdeniz,Mersin,2007,1595938
Akdeniz,Mersin,2008,1602908
Akdeniz,Mersin,2009,1640888
Akdeniz,Mersin,2010,1647899
Akdeniz,Mersin,2011,1667939
Akdeniz,Mersin,2012,1682848
Akdeniz,Mersin,2013,1705774
Akdeniz,Mersin,2014,1727255
Akdeniz,Mersin,2015,1745221
Akdeniz,Mersin,2016,1773852
Akdeniz,Mersin,2017,1793931
Akdeniz,Mersin,2018,1814468
Marmara,İstanbul,2000,11076840
Marmara,İstanbul,2001,11292009
Marmara,İstanbul,2002,11495948
Marmara,İstanbul,2003,11699172
Marmara,İstanbul,2004,11910733
Marmara,İstanbul,2005,12128577
Marmara,İstanbul,2006,12351506
Marmara,İstanbul,2007,12573836
Marmara,İstanbul,2008,12697164
Marmara,İstanbul,2009,12915158
Marmara,İstanbul,2010,13255685
Marmara,İstanbul,2011,13624240
Marmara,İstanbul,2012,13854740
Marmara,İstanbul,2013,14160467
Marmara,İstanbul,2014,14377018
Marmara,İstanbul,2015,14657434
Marmara,İstanbul,2016,14804116
Marmara,İstanbul,2017,15029231
Marmara,İstanbul,2018,15067724
Ege,İzmir,2000,3431204
Ege,İzmir,2001,3477209
Ege,İzmir,2002,3519233
Ege,İzmir,2003,3560544
Ege,İzmir,2004,3603838
Ege,İzmir,2005,3648575
Ege,İzmir,2006,3694316
Ege,İzmir,2007,3739353
Ege,İzmir,2008,3795978
Ege,İzmir,2009,3868308
Ege,İzmir,2010,3948848
Ege,İzmir,2011,3965232
Ege,İzmir,2012,4005459
Ege,İzmir,2013,4061074
Ege,İzmir,2014,4113072
Ege,İzmir,2015,4168415
Ege,İzmir,2016,4223545
Ege,İzmir,2017,4279677
Ege,İzmir,2018,4320519
Akdeniz,Kahramanmaraş,2000,937074
Akdeniz,Kahramanmaraş,2001,947317
Akdeniz,Kahramanmaraş,2002,956417
Akdeniz,Kahramanmaraş,2003,965268
Akdeniz,Kahramanmaraş,2004,974592
Akdeniz,Kahramanmaraş,2005,984254
Akdeniz,Kahramanmaraş,2006,994126
Akdeniz,Kahramanmaraş,2007,1004414
Akdeniz,Kahramanmaraş,2008,1029298
Akdeniz,Kahramanmaraş,2009,1037491
Akdeniz,Kahramanmaraş,2010,1044816
Akdeniz,Kahramanmaraş,2011,1054210
Akdeniz,Kahramanmaraş,2012,1063174
Akdeniz,Kahramanmaraş,2013,1075706
Akdeniz,Kahramanmaraş,2014,1089038
Akdeniz,Kahramanmaraş,2015,1096610
Akdeniz,Kahramanmaraş,2016,1112634
Akdeniz,Kahramanmaraş,2017,1127623
Akdeniz,Kahramanmaraş,2018,1144851
Doğu Anadolu,Kars,2000,326292
Doğu Anadolu,Kars,2001,324908
Doğu Anadolu,Kars,2002,323005
Doğu Anadolu,Kars,2003,320898
Doğu Anadolu,Kars,2004,318812
Doğu Anadolu,Kars,2005,316723
Doğu Anadolu,Kars,2006,314570
Doğu Anadolu,Kars,2007,312205
Doğu Anadolu,Kars,2008,312128
Doğu Anadolu,Kars,2009,306536
Doğu Anadolu,Kars,2010,301766
Doğu Anadolu,Kars,2011,305755
Doğu Anadolu,Kars,2012,304821
Doğu Anadolu,Kars,2013,300874
Doğu Anadolu,Kars,2014,296466
Doğu Anadolu,Kars,2015,292660
Doğu Anadolu,Kars,2016,289786
Doğu Anadolu,Kars,2017,287654
Doğu Anadolu,Kars,2018,288878
İç Anadolu,Karaman,2000,214461
İç Anadolu,Karaman,2001,216318
İç Anadolu,Karaman,2002,217902
İç Anadolu,Karaman,2003,219417
İç Anadolu,Karaman,2004,221026
İç Anadolu,Karaman,2005,222700
İç Anadolu,Karaman,2006,224409
İç Anadolu,Karaman,2007,226049
İç Anadolu,Karaman,2008,230145
İç Anadolu,Karaman,2009,231872
İç Anadolu,Karaman,2010,232633
İç Anadolu,Karaman,2011,234005
İç Anadolu,Karaman,2012,235424
İç Anadolu,Karaman,2013,237939
İç Anadolu,Karaman,2014,240362
İç Anadolu,Karaman,2015,242196
İç Anadolu,Karaman,2016,245610
İç Anadolu,Karaman,2017,246672
İç Anadolu,Karaman,2018,251913
Karadeniz,Kastamonu,2000,351582
Karadeniz,Kastamonu,2001,353271
Karadeniz,Kastamonu,2002,354479
Karadeniz,Kastamonu,2003,355541
Karadeniz,Kastamonu,2004,356719
Karadeniz,Kastamonu,2005,357972
Karadeniz,Kastamonu,2006,359243
Karadeniz,Kastamonu,2007,360366
Karadeniz,Kastamonu,2008,360424
Karadeniz,Kastamonu,2009,359823
Karadeniz,Kastamonu,2010,361222
Karadeniz,Kastamonu,2011,359759
Karadeniz,Kastamonu,2012,359808
Karadeniz,Kastamonu,2013,368093
Karadeniz,Kastamonu,2014,368907
Karadeniz,Kastamonu,2015,372633
Karadeniz,Kastamonu,2016,376945
Karadeniz,Kastamonu,2017,372373
Karadeniz,Kastamonu,2018,383373
İç Anadolu,Kayseri,2000,1038671
İç Anadolu,Kayseri,2001,1056995
İç Anadolu,Kayseri,2002,1074221
İç Anadolu,Kayseri,2003,1091336
İç Anadolu,Kayseri,2004,1109179
İç Anadolu,Kayseri,2005,1127566
İç Anadolu,Kayseri,2006,1146378
İç Anadolu,Kayseri,2007,1165088
İç Anadolu,Kayseri,2008,1184386
İç Anadolu,Kayseri,2009,1205872
İç Anadolu,Kayseri,2010,1234651
İç Anadolu,Kayseri,2011,1255349
İç Anadolu,Kayseri,2012,1274968
İç Anadolu,Kayseri,2013,1295355
İç Anadolu,Kayseri,2014,1322376
İç Anadolu,Kayseri,2015,1341056
İç Anadolu,Kayseri,2016,1358980
İç Anadolu,Kayseri,2017,1376722
İç Anadolu,Kayseri,2018,1389680
Marmara,Kocaeli,2000,1192053
Marmara,Kocaeli,2001,1226460
Marmara,Kocaeli,2002,1259932
Marmara,Kocaeli,2003,1293594
Marmara,Kocaeli,2004,1328481
Marmara,Kocaeli,2005,1364317
Marmara,Kocaeli,2006,1401013
Marmara,Kocaeli,2007,1437926
Marmara,Kocaeli,2008,1490358
Marmara,Kocaeli,2009,1522408
Marmara,Kocaeli,2010,1560138
Marmara,Kocaeli,2011,1601720
Marmara,Kocaeli,2012,1634691
Marmara,Kocaeli,2013,1676202
Marmara,Kocaeli,2014,1722795
Marmara,Kocaeli,2015,1780055
Marmara,Kocaeli,2016,1830772
Marmara,Kocaeli,2017,1883270
Marmara,Kocaeli,2018,1906391
Marmara,Kırklareli,2000,323427
Marmara,Kırklareli,2001,325213
Marmara,Kırklareli,2002,326561
Marmara,Kırklareli,2003,327782
Marmara,Kırklareli,2004,329116
Marmara,Kırklareli,2005,330523
Marmara,Kırklareli,2006,331955
Marmara,Kırklareli,2007,333256
Marmara,Kırklareli,2008,336942
Marmara,Kırklareli,2009,333179
Marmara,Kırklareli,2010,332791
Marmara,Kırklareli,2011,340199
Marmara,Kırklareli,2012,341218
Marmara,Kırklareli,2013,340559
Marmara,Kırklareli,2014,343723
Marmara,Kırklareli,2015,346973
Marmara,Kırklareli,2016,351684
Marmara,Kırklareli,2017,356050
Marmara,Kırklareli,2018,360860
Ege,Kütahya,2000,592921
Ege,Kütahya,2001,592607
Ege,Kütahya,2002,591405
Ege,Kütahya,2003,589883
Ege,Kütahya,2004,588464
Ege,Kütahya,2005,587092
Ege,Kütahya,2006,585666
Ege,Kütahya,2007,583910
Ege,Kütahya,2008,565884
Ege,Kütahya,2009,571804
Ege,Kütahya,2010,590496
Ege,Kütahya,2011,564264
Ege,Kütahya,2012,573421
Ege,Kütahya,2013,572059
Ege,Kütahya,2014,571554
Ege,Kütahya,2015,571463
Ege,Kütahya,2016,573642
Ege,Kütahya,2017,572256
Ege,Kütahya,2018,577941
İç Anadolu,Kırşehir,2000,221473
İç Anadolu,Kırşehir,2001,222028
İç Anadolu,Kırşehir,2002,222267
İç Anadolu,Kırşehir,2003,222403
İç Anadolu,Kırşehir,2004,222596
İç Anadolu,Kırşehir,2005,222824
İç Anadolu,Kırşehir,2006,223050
İç Anadolu,Kırşehir,2007,223170
İç Anadolu,Kırşehir,2008,222735
İç Anadolu,Kırşehir,2009,223102
İç Anadolu,Kırşehir,2010,221876
İç Anadolu,Kırşehir,2011,221015
İç Anadolu,Kırşehir,2012,221209
İç Anadolu,Kırşehir,2013,223498
İç Anadolu,Kırşehir,2014,222707
İç Anadolu,Kırşehir,2015,225562
İç Anadolu,Kırşehir,2016,229975
İç Anadolu,Kırşehir,2017,234529
İç Anadolu,Kırşehir,2018,241868
İç Anadolu,Kırıkkale,2000,287427
İç Anadolu,Kırıkkale,2001,286900
İç Anadolu,Kırıkkale,2002,285933
İç Anadolu,Kırıkkale,2003,284803
İç Anadolu,Kırıkkale,2004,283711
İç Anadolu,Kırıkkale,2005,282633
İç Anadolu,Kırıkkale,2006,281518
İç Anadolu,Kırıkkale,2007,280234
İç Anadolu,Kırıkkale,2008,279325
İç Anadolu,Kırıkkale,2009,280834
İç Anadolu,Kırıkkale,2010,276647
İç Anadolu,Kırıkkale,2011,274992
İç Anadolu,Kırıkkale,2012,274727
İç Anadolu,Kırıkkale,2013,274658
İç Anadolu,Kırıkkale,2014,271092
İç Anadolu,Kırıkkale,2015,270271
İç Anadolu,Kırıkkale,2016,277984
İç Anadolu,Kırıkkale,2017,278749
İç Anadolu,Kırıkkale,2018,286602
İç Anadolu,Konya,2000,1835987
İç Anadolu,Konya,2001,1855057
İç Anadolu,Konya,2002,1871862
İç Anadolu,Konya,2003,1888154
İç Anadolu,Konya,2004,1905345
İç Anadolu,Konya,2005,1923174
İç Anadolu,Konya,2006,1941386
İç Anadolu,Konya,2007,1959082
İç Anadolu,Konya,2008,1969868
İç Anadolu,Konya,2009,1992675
İç Anadolu,Konya,2010,2013845
İç Anadolu,Konya,2011,2038555
İç Anadolu,Konya,2012,2052281
İç Anadolu,Konya,2013,2079225
İç Anadolu,Konya,2014,2108808
İç Anadolu,Konya,2015,2130544
İç Anadolu,Konya,2016,2161303
İç Anadolu,Konya,2017,2180149
İç Anadolu,Konya,2018,2205609
Ege,Manisa,2000,1276590
Ege,Manisa,2001,1284241
Ege,Manisa,2002,1290180
Ege,Manisa,2003,1295630
Ege,Manisa,2004,1301542
Ege,Manisa,2005,1307760
Ege,Manisa,2006,1314090
Ege,Manisa,2007,1319920
Ege,Manisa,2008,1316750
Ege,Manisa,2009,1331957
Ege,Manisa,2010,1379484
Ege,Manisa,2011,1340074
Ege,Manisa,2012,1346162
Ege,Manisa,2013,1359463
Ege,Manisa,2014,1367905
Ege,Manisa,2015,1380366
Ege,Manisa,2016,1396945
Ege,Manisa,2017,1413041
Ege,Manisa,2018,1429643
İç Anadolu,Malatya,2000,685533
İç Anadolu,Malatya,2001,691399
İç Anadolu,Malatya,2002,696387
İç Anadolu,Malatya,2003,701155
İç Anadolu,Malatya,2004,706222
İç Anadolu,Malatya,2005,711496
İç Anadolu,Malatya,2006,716879
İç Anadolu,Malatya,2007,722065
İç Anadolu,Malatya,2008,733789
İç Anadolu,Malatya,2009,736884
İç Anadolu,Malatya,2010,740643
İç Anadolu,Malatya,2011,757930
İç Anadolu,Malatya,2012,762366
İç Anadolu,Malatya,2013,762538
İç Anadolu,Malatya,2014,769544
İç Anadolu,Malatya,2015,772904
İç Anadolu,Malatya,2016,781305
İç Anadolu,Malatya,2017,786676
İç Anadolu,Malatya,2018,797036
Güney Doğu Anadolu,Mardin,2000,709316
Güney Doğu Anadolu,Mardin,2001,715211
Güney Doğu Anadolu,Mardin,2002,720195
Güney Doğu Anadolu,Mardin,2003,724946
Güney Doğu Anadolu,Mardin,2004,730002
Güney Doğu Anadolu,Mardin,2005,735267
Güney Doğu Anadolu,Mardin,2006,740641
Güney Doğu Anadolu,Mardin,2007,745778
Güney Doğu Anadolu,Mardin,2008,750697
Güney Doğu Anadolu,Mardin,2009,737852
Güney Doğu Anadolu,Mardin,2010,744606
Güney Doğu Anadolu,Mardin,2011,764033
Güney Doğu Anadolu,Mardin,2012,773026
Güney Doğu Anadolu,Mardin,2013,779738
Güney Doğu Anadolu,Mardin,2014,788996
Güney Doğu Anadolu,Mardin,2015,796591
Güney Doğu Anadolu,Mardin,2016,796237
Güney Doğu Anadolu,Mardin,2017,809719
Güney Doğu Anadolu,Mardin,2018,829195
Ege,Muğla,2000,663606
Ege,Muğla,2001,678204
Ege,Muğla,2002,692171
Ege,Muğla,2003,706136
Ege,Muğla,2004,720650
Ege,Muğla,2005,735582
Ege,Muğla,2006,750865
Ege,Muğla,2007,766156
Ege,Muğla,2008,791424
Ege,Muğla,2009,802381
Ege,Muğla,2010,817503
Ege,Muğla,2011,838324
Ege,Muğla,2012,851145
Ege,Muğla,2013,866665
Ege,Muğla,2014,894509
Ege,Muğla,2015,908877
Ege,Muğla,2016,923773
Ege,Muğla,2017,938751
Ege,Muğla,2018,967487
Akdeniz,Osmaniye,2000,411163
Akdeniz,Osmaniye,2001,417418
Akdeniz,Osmaniye,2002,423214
Akdeniz,Osmaniye,2003,428943
Akdeniz,Osmaniye,2004,434930
Akdeniz,Osmaniye,2005,441108
Akdeniz,Osmaniye,2006,447428
Akdeniz,Osmaniye,2007,452880
Akdeniz,Osmaniye,2008,464704
Akdeniz,Osmaniye,2009,471804
Akdeniz,Osmaniye,2010,479221
Akdeniz,Osmaniye,2011,485357
Akdeniz,Osmaniye,2012,492135
Akdeniz,Osmaniye,2013,498981
Akdeniz,Osmaniye,2014,506807
Akdeniz,Osmaniye,2015,512873
Akdeniz,Osmaniye,2016,522175
Akdeniz,Osmaniye,2017,527724
Akdeniz,Osmaniye,2018,534415
Güney Doğu Anadolu,Siirt,2000,270832
Güney Doğu Anadolu,Siirt,2001,273982
Güney Doğu Anadolu,Siirt,2002,276806
Güney Doğu Anadolu,Siirt,2003,279562
Güney Doğu Anadolu,Siirt,2004,282461
Güney Doğu Anadolu,Siirt,2005,285462
Güney Doğu Anadolu,Siirt,2006,288529
Güney Doğu Anadolu,Siirt,2007,291528
Güney Doğu Anadolu,Siirt,2008,299819
Güney Doğu Anadolu,Siirt,2009,303622
Güney Doğu Anadolu,Siirt,2010,300695
Güney Doğu Anadolu,Siirt,2011,310468
Güney Doğu Anadolu,Siirt,2012,310879
Güney Doğu Anadolu,Siirt,2013,314153
Güney Doğu Anadolu,Siirt,2014,318366
Güney Doğu Anadolu,Siirt,2015,320351
Güney Doğu Anadolu,Siirt,2016,322664
Güney Doğu Anadolu,Siirt,2017,324394
Güney Doğu Anadolu,Siirt,2018,331670
Doğu Anadolu,Muş,2000,403236
Doğu Anadolu,Muş,2001,404138
Doğu Anadolu,Muş,2002,404462
Doğu Anadolu,Muş,2003,404596
Doğu Anadolu,Muş,2004,404832
Doğu Anadolu,Muş,2005,405127
Doğu Anadolu,Muş,2006,405416
Doğu Anadolu,Muş,2007,405509
Doğu Anadolu,Muş,2008,404309
Doğu Anadolu,Muş,2009,404484
Doğu Anadolu,Muş,2010,406886
Doğu Anadolu,Muş,2011,414706
Doğu Anadolu,Muş,2012,413260
Doğu Anadolu,Muş,2013,412553
Doğu Anadolu,Muş,2014,411216
Doğu Anadolu,Muş,2015,408728
Doğu Anadolu,Muş,2016,406501
Doğu Anadolu,Muş,2017,404544
Doğu Anadolu,Muş,2018,407992
Ege,Uşak,2000,320535
Ege,Uşak,2001,322814
Ege,Uşak,2002,324673
Ege,Uşak,2003,326417
Ege,Uşak,2004,328287
Ege,Uşak,2005,330243
Ege,Uşak,2006,332237
Ege,Uşak,2007,334115
Ege,Uşak,2008,334111
Ege,Uşak,2009,335860
Ege,Uşak,2010,338019
Ege,Uşak,2011,339731
Ege,Uşak,2012,342269
Ege,Uşak,2013,346508
Ege,Uşak,2014,349459
Ege,Uşak,2015,353048
Ege,Uşak,2016,358736
Ege,Uşak,2017,364971
Ege,Uşak,2018,367514
İç Anadolu,Nevşehir,2000,275262
İç Anadolu,Nevşehir,2001,276309
İç Anadolu,Nevşehir,2002,276971
İç Anadolu,Nevşehir,2003,277514
İç Anadolu,Nevşehir,2004,278138
İç Anadolu,Nevşehir,2005,278814
İç Anadolu,Nevşehir,2006,279498
İç Anadolu,Nevşehir,2007,280058
İç Anadolu,Nevşehir,2008,281699
İç Anadolu,Nevşehir,2009,284025
İç Anadolu,Nevşehir,2010,282337
İç Anadolu,Nevşehir,2011,283247
İç Anadolu,Nevşehir,2012,285190
İç Anadolu,Nevşehir,2013,285460
İç Anadolu,Nevşehir,2014,286250
İç Anadolu,Nevşehir,2015,286767
İç Anadolu,Nevşehir,2016,290895
İç Anadolu,Nevşehir,2017,292365
İç Anadolu,Nevşehir,2018,298339
İç Anadolu,Niğde,2000,321330
İç Anadolu,Niğde,2001,323181
İç Anadolu,Niğde,2002,324600
İç Anadolu,Niğde,2003,325894
İç Anadolu,Niğde,2004,327302
İç Anadolu,Niğde,2005,328786
İç Anadolu,Niğde,2006,330295
İç Anadolu,Niğde,2007,331677
İç Anadolu,Niğde,2008,338447
İç Anadolu,Niğde,2009,339921
İç Anadolu,Niğde,2010,337931
İç Anadolu,Niğde,2011,337553
İç Anadolu,Niğde,2012,340270
İç Anadolu,Niğde,2013,343658
İç Anadolu,Niğde,2014,343898
İç Anadolu,Niğde,2015,346114
İç Anadolu,Niğde,2016,351468
İç Anadolu,Niğde,2017,352727
İç Anadolu,Niğde,2018,364707
Karadeniz,Ordu,2000,705746
Karadeniz,Ordu,2001,708079
Karadeniz,Ordu,2002,709420
Karadeniz,Ordu,2003,710444
Karadeniz,Ordu,2004,711670
Karadeniz,Ordu,2005,713018
Karadeniz,Ordu,2006,714375
Karadeniz,Ordu,2007,715409
Karadeniz,Ordu,2008,719278
Karadeniz,Ordu,2009,723507
Karadeniz,Ordu,2010,719183
Karadeniz,Ordu,2011,714390
Karadeniz,Ordu,2012,741371
Karadeniz,Ordu,2013,731452
Karadeniz,Ordu,2014,724268
Karadeniz,Ordu,2015,728949
Karadeniz,Ordu,2016,750588
Karadeniz,Ordu,2017,742341
Karadeniz,Ordu,2018,771932
Karadeniz,Rize,2000,307133
Karadeniz,Rize,2001,308800
Karadeniz,Rize,2002,310052
Karadeniz,Rize,2003,311181
Karadeniz,Rize,2004,312417
Karadeniz,Rize,2005,313722
Karadeniz,Rize,2006,315049
Karadeniz,Rize,2007,316252
Karadeniz,Rize,2008,319410
Karadeniz,Rize,2009,319569
Karadeniz,Rize,2010,319637
Karadeniz,Rize,2011,323012
Karadeniz,Rize,2012,324152
Karadeniz,Rize,2013,328205
Karadeniz,Rize,2014,329779
Karadeniz,Rize,2015,328979
Karadeniz,Rize,2016,331048
Karadeniz,Rize,2017,331041
Karadeniz,Rize,2018,348608
Marmara,Sakarya,2000,750485
Marmara,Sakarya,2001,762848
Marmara,Sakarya,2002,774397
Marmara,Sakarya,2003,785845
Marmara,Sakarya,2004,797793
Marmara,Sakarya,2005,810112
Marmara,Sakarya,2006,822715
Marmara,Sakarya,2007,835222
Marmara,Sakarya,2008,851292
Marmara,Sakarya,2009,861570
Marmara,Sakarya,2010,872872
Marmara,Sakarya,2011,888556
Marmara,Sakarya,2012,902267
Marmara,Sakarya,2013,917373
Marmara,Sakarya,2014,932706
Marmara,Sakarya,2015,953181
Marmara,Sakarya,2016,976948
Marmara,Sakarya,2017,990214
Marmara,Sakarya,2018,1010700
Karadeniz,Samsun,2000,1191926
Karadeniz,Samsun,2001,1198574
Karadeniz,Samsun,2002,1203611
Karadeniz,Samsun,2003,1208179
Karadeniz,Samsun,2004,1213165
Karadeniz,Samsun,2005,1218424
Karadeniz,Samsun,2006,1223774
Karadeniz,Samsun,2007,1228959
Karadeniz,Samsun,2008,1233677
Karadeniz,Samsun,2009,1250076
Karadeniz,Samsun,2010,1252693
Karadeniz,Samsun,2011,1251729
Karadeniz,Samsun,2012,1251722
Karadeniz,Samsun,2013,1261810
Karadeniz,Samsun,2014,1269989
Karadeniz,Samsun,2015,1279884
Karadeniz,Samsun,2016,1295927
Karadeniz,Samsun,2017,1312990
Karadeniz,Samsun,2018,1335716
Güney Doğu Anadolu,Şanlıurfa,2000,1257753
Güney Doğu Anadolu,Şanlıurfa,2001,1294842
Güney Doğu Anadolu,Şanlıurfa,2002,1330964
Güney Doğu Anadolu,Şanlıurfa,2003,1367305
Güney Doğu Anadolu,Şanlıurfa,2004,1404961
Güney Doğu Anadolu,Şanlıurfa,2005,1443639
Güney Doğu Anadolu,Şanlıurfa,2006,1483244
Güney Doğu Anadolu,Şanlıurfa,2007,1523099
Güney Doğu Anadolu,Şanlıurfa,2008,1574224
Güney Doğu Anadolu,Şanlıurfa,2009,1613737
Güney Doğu Anadolu,Şanlıurfa,2010,1663371
Güney Doğu Anadolu,Şanlıurfa,2011,1716254
Güney Doğu Anadolu,Şanlıurfa,2012,1762075
Güney Doğu Anadolu,Şanlıurfa,2013,1801980
Güney Doğu Anadolu,Şanlıurfa,2014,1845667
Güney Doğu Anadolu,Şanlıurfa,2015,1892320
Güney Doğu Anadolu,Şanlıurfa,2016,1940627
Güney Doğu Anadolu,Şanlıurfa,2017,1985753
Güney Doğu Anadolu,Şanlıurfa,2018,2035809
Güney Doğu Anadolu,Şırnak,2000,362700
Güney Doğu Anadolu,Şırnak,2001,370314
Güney Doğu Anadolu,Şırnak,2002,377574
Güney Doğu Anadolu,Şırnak,2003,384824
Güney Doğu Anadolu,Şırnak,2004,392364
Güney Doğu Anadolu,Şırnak,2005,400123
Güney Doğu Anadolu,Şırnak,2006,408065
Güney Doğu Anadolu,Şırnak,2007,416001
Güney Doğu Anadolu,Şırnak,2008,429287
Güney Doğu Anadolu,Şırnak,2009,430424
Güney Doğu Anadolu,Şırnak,2010,430109
Güney Doğu Anadolu,Şırnak,2011,457997
Güney Doğu Anadolu,Şırnak,2012,466982
Güney Doğu Anadolu,Şırnak,2013,475255
Güney Doğu Anadolu,Şırnak,2014,488966
Güney Doğu Anadolu,Şırnak,2015,490184
Güney Doğu Anadolu,Şırnak,2016,483788
Güney Doğu Anadolu,Şırnak,2017,503236
Güney Doğu Anadolu,Şırnak,2018,524190
Karadeniz,Sinop,2000,194318
Karadeniz,Sinop,2001,195151
Karadeniz,Sinop,2002,195715
Karadeniz,Sinop,2003,196196
Karadeniz,Sinop,2004,196739
Karadeniz,Sinop,2005,197319
Karadeniz,Sinop,2006,197908
Karadeniz,Sinop,2007,198412
Karadeniz,Sinop,2008,200791
Karadeniz,Sinop,2009,201134
Karadeniz,Sinop,2010,202740
Karadeniz,Sinop,2011,203027
Karadeniz,Sinop,2012,201311
Karadeniz,Sinop,2013,204568
Karadeniz,Sinop,2014,204526
Karadeniz,Sinop,2015,204133
Karadeniz,Sinop,2016,205478
Karadeniz,Sinop,2017,207427
Karadeniz,Sinop,2018,219733
İç Anadolu,Sivas,2000,651825
İç Anadolu,Sivas,2001,650946
İç Anadolu,Sivas,2002,649078
İç Anadolu,Sivas,2003,646845
İç Anadolu,Sivas,2004,644709
İç Anadolu,Sivas,2005,642614
İç Anadolu,Sivas,2006,640442
İç Anadolu,Sivas,2007,638464
İç Anadolu,Sivas,2008,631112
İç Anadolu,Sivas,2009,633347
İç Anadolu,Sivas,2010,642224
İç Anadolu,Sivas,2011,627056
İç Anadolu,Sivas,2012,623535
İç Anadolu,Sivas,2013,623824
İç Anadolu,Sivas,2014,623116
İç Anadolu,Sivas,2015,618617
İç Anadolu,Sivas,2016,621224
İç Anadolu,Sivas,2017,621301
İç Anadolu,Sivas,2018,646608
Marmara,Tekirdağ,2000,577812
Marmara,Tekirdağ,2001,598658
Marmara,Tekirdağ,2002,619152
Marmara,Tekirdağ,2003,639837
Marmara,Tekirdağ,2004,661237
Marmara,Tekirdağ,2005,683199
Marmara,Tekirdağ,2006,705692
Marmara,Tekirdağ,2007,728396
Marmara,Tekirdağ,2008,770772
Marmara,Tekirdağ,2009,783310
Marmara,Tekirdağ,2010,798109
Marmara,Tekirdağ,2011,829873
Marmara,Tekirdağ,2012,852321
Marmara,Tekirdağ,2013,874475
Marmara,Tekirdağ,2014,906732
Marmara,Tekirdağ,2015,937910
Marmara,Tekirdağ,2016,972875
Marmara,Tekirdağ,2017,1005463
Marmara,Tekirdağ,2018,1029927
Karadeniz,Tokat,2000,641033
Karadeniz,Tokat,2001,639371
Karadeniz,Tokat,2002,636715
Karadeniz,Tokat,2003,633682
Karadeniz,Tokat,2004,630722
Karadeniz,Tokat,2005,627781
Karadeniz,Tokat,2006,624744
Karadeniz,Tokat,2007,620722
Karadeniz,Tokat,2008,617158
Karadeniz,Tokat,2009,624439
Karadeniz,Tokat,2010,617802
Karadeniz,Tokat,2011,608299
Karadeniz,Tokat,2012,613990
Karadeniz,Tokat,2013,598708
Karadeniz,Tokat,2014,597920
Karadeniz,Tokat,2015,593990
Karadeniz,Tokat,2016,602662
Karadeniz,Tokat,2017,602086
Karadeniz,Tokat,2018,612646
Karadeniz,Trabzon,2000,720620
Karadeniz,Trabzon,2001,724340
Karadeniz,Trabzon,2002,727080
Karadeniz,Trabzon,2003,729529
Karadeniz,Trabzon,2004,732221
Karadeniz,Trabzon,2005,735072
Karadeniz,Trabzon,2006,737969
Karadeniz,Trabzon,2007,740569
Karadeniz,Trabzon,2008,748982
Karadeniz,Trabzon,2009,765127
Karadeniz,Trabzon,2010,763714
Karadeniz,Trabzon,2011,757353
Karadeniz,Trabzon,2012,757898
Karadeniz,Trabzon,2013,758237
Karadeniz,Trabzon,2014,766782
Karadeniz,Trabzon,2015,768417
Karadeniz,Trabzon,2016,779379
Karadeniz,Trabzon,2017,786326
Karadeniz,Trabzon,2018,807903
Doğu Anadolu,Tunceli,2000,82554
Doğu Anadolu,Tunceli,2001,82871
Doğu Anadolu,Tunceli,2002,83074
Doğu Anadolu,Tunceli,2003,83241
Doğu Anadolu,Tunceli,2004,83433
Doğu Anadolu,Tunceli,2005,83640
Doğu Anadolu,Tunceli,2006,83849
Doğu Anadolu,Tunceli,2007,84022
Doğu Anadolu,Tunceli,2008,86449
Doğu Anadolu,Tunceli,2009,83061
Doğu Anadolu,Tunceli,2010,76699
Doğu Anadolu,Tunceli,2011,85062
Doğu Anadolu,Tunceli,2012,86276
Doğu Anadolu,Tunceli,2013,85428
Doğu Anadolu,Tunceli,2014,86527
Doğu Anadolu,Tunceli,2015,86076
Doğu Anadolu,Tunceli,2016,82193
Doğu Anadolu,Tunceli,2017,82498
Doğu Anadolu,Tunceli,2018,88198
Doğu Anadolu,Van,2000,895836
Doğu Anadolu,Van,2001,908296
Doğu Anadolu,Van,2002,919727
Doğu Anadolu,Van,2003,930984
Doğu Anadolu,Van,2004,942771
Doğu Anadolu,Van,2005,954945
Doğu Anadolu,Van,2006,967394
Doğu Anadolu,Van,2007,979671
Doğu Anadolu,Van,2008,1004369
Doğu Anadolu,Van,2009,1022310
Doğu Anadolu,Van,2010,1035418
Doğu Anadolu,Van,2011,1022532
Doğu Anadolu,Van,2012,1051975
Doğu Anadolu,Van,2013,1070113
Doğu Anadolu,Van,2014,1085542
Doğu Anadolu,Van,2015,1096397
Doğu Anadolu,Van,2016,1100190
Doğu Anadolu,Van,2017,1106891
Doğu Anadolu,Van,2018,1123784
İç Anadolu,Yozgat,2000,544446
İç Anadolu,Yozgat,2001,538313
İç Anadolu,Yozgat,2002,531220
İç Anadolu,Yozgat,2003,523696
İç Anadolu,Yozgat,2004,516096
İç Anadolu,Yozgat,2005,508398
İç Anadolu,Yozgat,2006,500487
İç Anadolu,Yozgat,2007,492127
İç Anadolu,Yozgat,2008,484206
İç Anadolu,Yozgat,2009,487365
İç Anadolu,Yozgat,2010,476096
İç Anadolu,Yozgat,2011,465696
İç Anadolu,Yozgat,2012,453211
İç Anadolu,Yozgat,2013,444211
İç Anadolu,Yozgat,2014,432560
İç Anadolu,Yozgat,2015,419440
İç Anadolu,Yozgat,2016,421041
İç Anadolu,Yozgat,2017,418650
İç Anadolu,Yozgat,2018,424981
Karadeniz,Zonguldak,2000,630323
Karadeniz,Zonguldak,2001,629346
Karadeniz,Zonguldak,2002,627407
Karadeniz,Zonguldak,2003,625114
Karadeniz,Zonguldak,2004,622912
Karadeniz,Zonguldak,2005,620744
Karadeniz,Zonguldak,2006,618500
Karadeniz,Zonguldak,2007,615890
Karadeniz,Zonguldak,2008,619151
Karadeniz,Zonguldak,2009,619812
Karadeniz,Zonguldak,2010,619703
Karadeniz,Zonguldak,2011,612406
Karadeniz,Zonguldak,2012,606527
Karadeniz,Zonguldak,2013,601567
Karadeniz,Zonguldak,2014,598796
Karadeniz,Zonguldak,2015,595907
Karadeniz,Zonguldak,2016,597524
Karadeniz,Zonguldak,2017,596892
Karadeniz,Zonguldak,2018,599698
Doğu Anadolu,Iğdır,2000,174285
Doğu Anadolu,Iğdır,2001,175550
Doğu Anadolu,Iğdır,2002,176588
Doğu Anadolu,Iğdır,2003,177563
Doğu Anadolu,Iğdır,2004,178609
Doğu Anadolu,Iğdır,2005,179701
Doğu Anadolu,Iğdır,2006,180815
Doğu Anadolu,Iğdır,2007,181866
Doğu Anadolu,Iğdır,2008,184025
Doğu Anadolu,Iğdır,2009,183486
Doğu Anadolu,Iğdır,2010,184418
Doğu Anadolu,Iğdır,2011,188857
Doğu Anadolu,Iğdır,2012,190409
Doğu Anadolu,Iğdır,2013,190424
Doğu Anadolu,Iğdır,2014,192056
Doğu Anadolu,Iğdır,2015,192435
Doğu Anadolu,Iğdır,2016,192785
Doğu Anadolu,Iğdır,2017,194775
Doğu Anadolu,Iğdır,2018,197456
Marmara,Yalova,2000,144923
Marmara,Yalova,2001,150027
Marmara,Yalova,2002,155041
Marmara,Yalova,2003,160099
Marmara,Yalova,2004,165333
Marmara,Yalova,2005,170705
Marmara,Yalova,2006,176207
Marmara,Yalova,2007,181758
Marmara,Yalova,2008,197412
Marmara,Yalova,2009,202531
Marmara,Yalova,2010,203741
Marmara,Yalova,2011,206535
Marmara,Yalova,2012,211799
Marmara,Yalova,2013,220122
Marmara,Yalova,2014,226514
Marmara,Yalova,2015,233009
Marmara,Yalova,2016,241665
Marmara,Yalova,2017,251203
Marmara,Yalova,2018,262234
Karadeniz,Karabük,2000,205172
Karadeniz,Karabük,2001,207241
Karadeniz,Karabük,2002,209056
Karadeniz,Karabük,2003,210812
Karadeniz,Karabük,2004,212667
Karadeniz,Karabük,2005,214591
Karadeniz,Karabük,2006,216557
Karadeniz,Karabük,2007,218463
Karadeniz,Karabük,2008,216248
Karadeniz,Karabük,2009,218564
Karadeniz,Karabük,2010,227610
Karadeniz,Karabük,2011,219728
Karadeniz,Karabük,2012,225145
Karadeniz,Karabük,2013,230251
Karadeniz,Karabük,2014,231333
Karadeniz,Karabük,2015,236978
Karadeniz,Karabük,2016,242347
Karadeniz,Karabük,2017,244453
Karadeniz,Karabük,2018,248014
Güney Doğu Anadolu,Kilis,2000,109698
Güney Doğu Anadolu,Kilis,2001,111024
Güney Doğu Anadolu,Kilis,2002,112219
Güney Doğu Anadolu,Kilis,2003,113387
Güney Doğu Anadolu,Kilis,2004,114615
Güney Doğu Anadolu,Kilis,2005,115886
Güney Doğu Anadolu,Kilis,2006,117185
Güney Doğu Anadolu,Kilis,2007,118457
Güney Doğu Anadolu,Kilis,2008,120991
Güney Doğu Anadolu,Kilis,2009,122104
Güney Doğu Anadolu,Kilis,2010,123135
Güney Doğu Anadolu,Kilis,2011,124452
Güney Doğu Anadolu,Kilis,2012,124320
Güney Doğu Anadolu,Kilis,2013,128586
Güney Doğu Anadolu,Kilis,2014,128781
Güney Doğu Anadolu,Kilis,2015,130655
Güney Doğu Anadolu,Kilis,2016,130825
Güney Doğu Anadolu,Kilis,2017,136319
Güney Doğu Anadolu,Kilis,2018,142541
